lat,lon,diam_km
44.7763,-31.398000000000025,249.84
51.6065,-9.356999999999971,103.052
54.6395,-28.398000000000025,20.7745
53.506,-28.24000000000001,37.1614
52.3195,-35.834,22.3594
53.0094,-13.752999999999929,22.0914
50.4434,-39.867999999999995,23.3454
48.7596,-34.36099999999999,38.0865
48.8959,-1.7519999999999527,53.462
40.4167,-23.10699999999997,23.5671
29.9785,-34.68000000000001,24.916
29.7233,-4.017000000000053,79.9119
26.6979,-13.100000000000023,33.7036
25.7656,-20.980000000000018,29.7878
23.2731,-29.175999999999988,25.9812
20.2001,-3.5319999999999254,29.3384
20.2757,-8.733999999999924,25.2861
17.5889,-34.954999999999984,33.3063
15.5478,-29.190999999999974,32.5646
14.4736,-11.312000000000012,58.9054
13.8891,-20.777000000000044,25.9766
9.62058,-20.072000000000003,93.0195
8.11714,-38.00400000000002,30.0286
5.52659,-1.6580000000000155,45.543
4.56713,-36.67700000000002,28.0329
4.29387,-21.670000000000073,25.6649
3.25908,-22.850000000000023,43.4737
4.03501,-1.5430000000000064,21.5569
0.923539,-15.245000000000005,25.3048
0.16826,-7.520999999999958,27.5829
10.4364,-13.735000000000014,66.4835
5.00947,-0.14699999999993452,56.8595
47.7687,-12.394000000000005,20.8859
45.2196,-21.625999999999976,54.3209
23.8813,-20.662000000000035,56.007
15.2487,-23.297000000000025,24.6106
49.5798,-27.225000000000023,41.2361
15.4538,-2.024000000000001,23.9568
17.5206,-1.1440000000000055,33.987
-0.325913,-26.62200000000007,39.1067
-0.692681,-5.8659999999999854,24.7479
-1.548,-0.4759999999999991,40.7473
-2.38314,-3.9049999999999727,44.8346
-4.46319,-8.629999999999995,23.0609
-4.73139,-7.019999999999982,23.7943
-3.29336,-5.240000000000009,27.1492
-4.3266,-1.759999999999991,26.9048
-5.68572,-2.086999999999989,40.042
-5.80582,-10.469000000000051,21.837
-4.48164,-27.67700000000002,65.5865
-6.65402,-38.95100000000002,65.5626
-7.86281,-15.777000000000044,46.6967
-9.26078,-1.86200000000008,153.419
-8.87899,-14.524999999999977,27.7104
-8.36587,-17.339999999999918,60.339
-9.59008,-35.36500000000001,66.3859
-9.62083,-37.65100000000001,54.2879
-9.47807,-7.254000000000019,29.2316
-10.278,-7.576000000000022,25.8393
-11.0337,-7.175999999999931,65.977
-11.836,-8.149000000000001,33.5061
-9.79961,-5.927000000000021,21.6143
-10.2703,-4.557999999999993,28.6668
-11.6572,-14.192999999999984,56.1669
-12.2711,-15.302999999999997,21.2795
-13.5055,-13.928999999999974,21.5075
-13.4259,-2.7919999999999163,114.909
-13.2628,-0.19799999999997908,23.334
-15.0217,-0.8399999999999181,22.8399
-15.5447,-39.781000000000006,32.6498
-16.6547,-27.399999999999977,35.6627
-16.4553,-25.652000000000044,28.8908
-16.3272,-17.58699999999999,50.3846
-15.4818,-7.892000000000053,22.3046
-16.0294,-4.514999999999986,40.2819
-17.9541,-5.988000000000056,25.7566
-17.887,-23.874000000000024,43.3028
-3.45234,-3.730000000000018,70.5422
0.157047,-4.572000000000003,34.8588
-4.5355,-17.336000000000013,21.8403
-6.03744,-17.019999999999982,98.1964
-2.76921,-2.08400000000006,31.6686
-11.1109,-0.5570000000000164,21.615
-12.7921,-9.829999999999927,25.7475
-15.5945,-2.8759999999999764,30.4484
-2.33121,-24.399999999999977,36.5244
-12.0911,-0.5940000000000509,21.6888
38.9191,10.708400000000012,30.7058
39.3367,8.92971,29.4789
36.9973,6.054460000000006,23.7289
40.1422,13.660599999999988,83.3287
40.2495,4.616250000000008,55.3379
33.8471,1.2261100000000056,53.315
35.8104,0.8241390000000024,33.8593
30.6883,1.4794499999999857,38.2225
35.4109,31.160500000000013,25.4869
33.794,30.782399999999996,20.9583
31.8743,30.014499999999998,96.6806
29.8734,31.671600000000012,51.7619
26.7159,68.92340000000002,20.524
23.9698,64.82490000000001,44.4278
22.4156,61.268699999999995,23.0253
23.2718,49.57939999999999,28.1817
26.622,30.5454,62.848
21.6523,1.9555900000000008,20.4502
14.4325,9.07217,37.0163
16.2592,15.93440000000001,26.7231
15.347,23.624300000000005,40.9433
20.3851,29.4949,58.7218
20.0723,30.81280000000001,21.6361
17.6666,31.286900000000003,30.2188
19.4063,34.752099999999984,40.2408
21.2492,32.8844,21.8523
19.1713,36.41059999999999,23.9799
18.4824,33.251900000000006,26.0864
16.7027,36.2088,59.2331
17.8525,35.795799999999986,33.3387
21.253,33.67949999999999,21.7682
16.5492,40.26140000000001,24.6696
21.4078,48.18950000000001,35.5382
21.2626,45.989000000000004,63.2427
20.3476,49.51480000000001,25.5373
15.3154,48.77250000000001,30.2434
14.5902,51.7003,35.0076
22.1561,65.4725,21.3208
15.9181,71.8235,35.0396
14.9484,71.8928,25.6342
8.80399,70.3118,47.3848
12.0697,69.62869999999998,75.8231
10.2206,64.03620000000001,31.7966
9.36626,64.3768,23.2184
9.87425,68.3101,20.1689
9.35556,56.84819999999999,24.6297
14.5623,54.71780000000001,22.7642
12.3096,52.8124,32.7282
9.48538,53.504700000000014,34.0619
11.1362,51.42959999999999,22.1577
12.4668,50.12700000000001,21.8175
12.1472,50.439099999999996,27.583
12.5869,49.28050000000002,25.8647
13.6014,42.545199999999994,29.6026
12.7435,42.697400000000016,32.3973
13.6506,40.6027,30.3649
9.16438,44.9598,34.5915
11.13,40.82759999999999,30.6481
13.5546,28.649100000000004,22.6812
11.6621,21.739499999999992,24.7987
11.1497,27.821200000000005,52.1083
15.0199,17.150200000000012,20.9124
9.81147,11.036400000000015,43.1101
7.94345,2.1957999999999913,21.1988
7.71803,1.3738700000000108,22.7354
6.39784,8.02485999999999,24.8787
5.31604,17.586399999999998,22.8081
6.14937,21.442499999999995,25.4666
1.96423,19.171400000000006,29.1041
1.37302,20.06559999999999,29.9819
0.867189,19.365499999999997,40.1142
2.15186,30.035200000000003,22.9078
6.21147,35.1601,23.0055
7.11107,39.99600000000001,34.7495
2.42431,32.4701,29.9185
0.580214,35.56900000000002,27.3675
7.33605,43.32400000000001,22.8301
2.40118,43.56569999999999,22.2985
6.03158,39.52119999999999,25.1305
2.42071,57.733299999999986,37.7144
1.86339,60.4555,31.8283
39.8913,29.7937,100.74
20.852,63.33850000000001,22.5477
15.1682,28.792,24.6869
9.63769,7.733789999999999,21.0641
1.26566,58.60900000000001,121.492
15.7465,51.14869999999999,21.2801
21.9943,61.83609999999999,35.156
3.94512,46.816900000000004,21.0852
4.17955,3.593760000000003,25.0643
5.87469,36.884600000000006,23.6421
8.67721,56.7004,27.7291
10.0101,50.177599999999984,22.0528
11.5585,52.83709999999999,22.3069
19.0074,38.28559999999999,48.9493
18.7562,70.66980000000001,26.2205
19.645,48.6395,41.1194
19.7123,49.02709999999999,20.0114
31.4886,18.224799999999988,47.6248
28.992,22.763000000000005,51.3667
15.7098,45.405699999999996,20.3816
28.6345,0.7737239999999872,21.0091
12.4131,65.0983,23.0461
38.2904,8.526929999999993,22.8512
29.1773,-0.0029999999999290594,32.1807
24.063,31.3545,22.9704
21.5243,31.402800000000013,29.7397
16.281,48.43630000000002,20.0566
11.4264,44.96260000000001,21.3702
14.7399,11.600599999999986,48.2129
10.6474,5.709990000000005,22.7907
5.09605,1.0978700000000003,27.5394
7.57431,29.380200000000002,21.0095
-0.0156829,4.902680000000004,45.8891
14.547,49.2071,21.5797
-2.45515,0.7302799999999934,50.954
-7.66035,2.0496899999999982,22.2228
-5.30819,0.26600799999999936,46.1875
-4.70872,3.788409999999999,26.9759
-5.34734,1.8360600000000034,48.9126
-1.94733,17.405,51.7467
-5.43339,18.97909999999999,20.355
-1.20915,20.57159999999999,41.5131
-4.69441,28.55590000000001,20.4107
-5.20079,28.139800000000008,86.0561
-4.28034,22.666799999999995,31.6026
-2.29878,25.828900000000004,75.2652
-0.0174847,34.12880000000001,26.1851
-3.09254,34.1746,27.7634
-4.55006,33.001300000000015,29.5685
-1.90929,36.64750000000001,36.5379
-7.96758,33.5189,41.8387
-7.58654,34.8965,45.8353
-1.29274,34.78120000000001,26.1657
-1.72271,35.75319999999999,27.6243
-6.06315,40.059200000000004,31.3146
-2.6789,38.57159999999999,27.1141
-0.518134,37.32470000000001,25.2381
-1.63548,39.7689,25.8384
-5.87226,56.353999999999985,44.0983
-5.88804,57.78030000000001,29.0735
-4.7144,57.932000000000016,32.8501
-0.97514,60.012400000000014,21.9817
-2.18635,62.2088,30.369
-4.7572,62.43020000000001,33.0821
-13.7754,60.32409999999999,42.0085
-12.8097,60.686800000000005,32.9317
-15.0417,62.776099999999985,24.2045
-8.92032,61.12209999999999,132.028
-9.32652,50.1541,20.6073
-8.25147,49.4169,23.9936
-8.21349,42.43639999999999,28.6715
-10.0293,45.040700000000015,61.6018
-10.2491,46.4905,32.201
-8.64984,41.202200000000005,70.7341
-12.7281,44.97880000000001,30.341
-11.9557,44.07050000000001,38.3006
-12.5713,47.162300000000016,21.5867
-14.1686,51.226200000000006,20.8295
-13.5701,50.7226,22.1127
-14.8066,51.7338,22.0494
-14.7139,49.838599999999985,26.2018
-15.3252,50.228999999999985,23.326
-14.1811,44.490999999999985,41.9769
-15.9074,41.905399999999986,21.2325
-15.2837,46.0702,81.0224
-16.2207,40.03880000000001,32.166
-11.9098,33.5993,44.9312
-12.3102,38.55160000000001,20.4978
-10.0695,41.16320000000002,44.0694
-10.9008,37.850300000000004,29.4691
-10.4893,35.19999999999999,25.3732
-9.61284,36.65129999999999,25.7836
-11.0306,29.748099999999994,27.1452
-7.77556,30.3125,29.4456
-7.16904,31.51910000000001,22.2626
-11.4807,26.296300000000002,99.9363
-11.928,2.5257900000000006,41.8495
-14.2496,3.598450000000014,20.7129
-11.3263,4.050060000000002,134.728
-13.2625,0.7840349999999887,24.129
-15.3401,2.079820000000012,20.7667
-14.5856,3.292900000000003,71.0169
-16.0182,2.2272000000000105,20.1496
-17.0584,1.7962599999999895,23.4177
-17.443,2.5272600000000125,28.6791
-15.48,26.182799999999986,23.3455
-18.0518,28.82679999999999,51.4451
-17.8408,40.177700000000016,30.2643
-21.8358,30.840000000000003,26.418
-16.8646,29.643399999999986,25.0103
-21.3738,33.03030000000001,119.749
-22.5795,37.24619999999999,26.0335
-17.5085,48.830600000000004,44.1073
-16.8908,57.7183,22.9457
-23.7571,41.69400000000002,28.4288
-2.9679,44.35220000000001,23.1213
-4.06462,39.28139999999999,25.6377
-12.9813,41.3571,24.6681
-16.3045,61.62270000000001,145.467
-0.290002,38.0838,22.3265
-5.88396,47.70600000000002,22.4634
-8.36184,36.796899999999994,38.4119
-1.24492,43.33410000000001,33.6176
-16.0065,0.9930840000000103,39.1135
-2.66676,33.563199999999995,55.2498
-14.1301,1.728679999999997,42.7245
-12.4009,53.14490000000001,27.4616
